{"epoch":15,"val_r2":0.49166804552078247,"val_mae":4.17367175e+06,"test_r2":0.5267044305801392,"_step":30,"test_rmse":7.269826537383681e+06,"train_loss":0.503858972212364,"val_rmse":7.192190823399502e+06,"test_mae":4.2221115e+06,"test_loss":0.25319335609674454,"_wandb":{"runtime":5},"_runtime":5,"_timestamp":1.781573496893281e+09,"val_loss":0.20743602886795998}