{"test_mae":2.43124725e+06,"val_r2":0.8029967546463013,"_runtime":6,"_timestamp":1.781573512531001e+09,"test_loss":0.1456451304256916,"test_rmse":4.377199843231287e+06,"_wandb":{"runtime":6},"_step":30,"val_mae":2.459178e+06,"test_r2":0.8284158706665039,"train_loss":0.030168662265200038,"val_rmse":4.47738212518342e+06,"epoch":15,"val_loss":0.18714753538370132}