{"val_mae":2.82093625e+06,"_runtime":5,"train_loss":0.0711312355666325,"test_loss":0.2266558762639761,"val_rmse":5.96726684646296e+06,"test_mae":2.5983225e+06,"_step":30,"test_rmse":4.80871119590603e+06,"_wandb":{"runtime":5},"epoch":15,"val_loss":0.36226917058229446,"val_r2":0.6500742435455322,"test_r2":0.7929182648658752,"_timestamp":1.7815734664741702e+09}