{"_wandb":{"runtime":5},"_runtime":5,"_timestamp":1.781573794995285e+09,"val_rmse":5.113933506821535e+06,"test_loss":0.20400815457105637,"val_loss":0.30302589759230614,"epoch":15,"test_rmse":4.335691940761474e+06,"val_mae":2.5994505e+06,"val_r2":0.7429987788200378,"train_loss":0.039538423273840856,"test_r2":0.8316546082496643,"_step":30,"test_mae":2.34415925e+06}