{"test_mae":2.34415925e+06,"_runtime":6,"val_loss":0.30302589759230614,"val_r2":0.7429987788200378,"_timestamp":1.78157348099443e+09,"test_rmse":4.335691940761474e+06,"train_loss":0.039538423273840856,"epoch":15,"test_r2":0.8316546082496643,"_wandb":{"runtime":6},"test_loss":0.20400815457105637,"_step":30,"val_mae":2.5994505e+06,"val_rmse":5.113933506821535e+06}