model,task,accuracy,macro_f1,weighted_f1
AlexNet_finetune,body_type,0.8150375939849624,0.8014438680516278,0.8149594691232764
AlexNet_finetune_frozen,body_type,0.7804511278195488,0.771587337436245,0.783292953743967
AlexNet_finetune,brand,0.3548872180451128,0.34700426480554275,0.3492906268210791
AlexNet_finetune_frozen,brand,0.34135338345864663,0.33876163659366415,0.3380582673075212
