{"val_r2":0.6500742435455322,"test_mae":2.5983225e+06,"_runtime":6,"_step":30,"val_rmse":5.96726684646296e+06,"val_loss":0.36226917058229446,"test_loss":0.2266558762639761,"epoch":15,"test_rmse":4.80871119590603e+06,"train_loss":0.0711312355666325,"_wandb":{"runtime":6},"_timestamp":1.7815737837181828e+09,"test_r2":0.7929182648658752,"val_mae":2.82093625e+06}